speaker_id,speaker_name,country,eu_political_group_id,eu_political_group_role,eu_political_group_valid_from,eu_political_group_valid_to,national_party_raw,Party
118859,Roberta METSOLA,http://publications.europa.eu/resource/authority/country/MLT,org/5153,def/ep-roles/MEMBER,7/2/19,7/15/24,EPP,
28298,Iratxe GARCÍA PÉREZ,http://publications.europa.eu/resource/authority/country/ESP,org/1534,def/ep-roles/MEMBER,7/20/04,7/13/09,S&D,
197781,Malik AZMANI,http://publications.europa.eu/resource/authority/country/NLD,org/7035,def/ep-roles/MEMBER_BUREAU,7/16/24,,Renew Europe,
103381,Terry REINTKE,http://publications.europa.eu/resource/authority/country/DEU,org/4285,def/ep-roles/MEMBER,7/1/14,7/1/19,Greens/EFA,
236051,Eric MINARDI,http://publications.europa.eu/resource/authority/country/FRA,org/5588,def/ep-roles/MEMBER,7/29/22,7/15/24,ID,
197529,Leila CHAIBI,http://publications.europa.eu/resource/authority/country/FRA,org/6259,def/ep-roles/MEMBER,12/18/20,7/15/24,The Left,
24942,Ana MIRANDA PAZ,http://publications.europa.eu/resource/authority/country/ESP,org/5155,def/ep-roles/MEMBER,9/5/22,7/15/24,Greens/EFA,
197711,Dolors MONTSERRAT,http://publications.europa.eu/resource/authority/country/ESP,org/7018,def/ep-roles/CHAIR_VICE,7/16/24,,EPP,
2341,Michael GAHLER,http://publications.europa.eu/resource/authority/country/DEU,org/2952,def/ep-roles/MEMBER,7/14/09,7/23/09,EPP,
197773,Bert-Jan RUISSEN,http://publications.europa.eu/resource/authority/country/NLD,org/5148,def/ep-roles/MEMBER_BUREAU,7/2/19,7/15/24,ECR,
197805,Silvia MODIG,http://publications.europa.eu/resource/authority/country/FIN,org/5151,def/ep-roles/MEMBER,7/2/19,12/17/20,The Left,
197628,Jean-Paul GARRAUD,http://publications.europa.eu/resource/authority/country/FRA,org/7150,def/ep-roles/MEMBER_BUREAU,7/16/24,,PfE,
197771,Vladimír BILČÍK,http://publications.europa.eu/resource/authority/country/SVK,org/5153,def/ep-roles/MEMBER,7/2/19,7/15/24,EPP,
1927,Peter LIESE,http://publications.europa.eu/resource/authority/country/DEU,org/2952,def/ep-roles/MEMBER_BUREAU,7/24/09,6/30/14,EPP,
96725,Bas EICKHOUT,http://publications.europa.eu/resource/authority/country/NLD,org/5155,def/ep-roles/CHAIR_VICE,7/2/19,7/15/24,Greens/EFA,
124929,Ivan ŠTEFANEC,http://publications.europa.eu/resource/authority/country/SVK,org/5153,def/ep-roles/MEMBER,7/2/19,7/15/24,EPP,
197677,Günther SIDL,http://publications.europa.eu/resource/authority/country/AUT,org/7038,def/ep-roles/MEMBER,7/16/24,,S&D,
197398,Pär HOLMGREN,http://publications.europa.eu/resource/authority/country/SWE,org/7028,def/ep-roles/MEMBER,7/16/24,,Greens/EFA,
238639,Johan NISSINEN,http://publications.europa.eu/resource/authority/country/SWE,org/5148,def/ep-roles/MEMBER,10/11/22,7/15/24,ECR,
192635,Danilo Oscar LANCINI,http://publications.europa.eu/resource/authority/country/ITA,org/4908,def/ep-roles/MEMBER,4/17/18,7/1/19,ID,
125023,Anja HAZEKAMP,http://publications.europa.eu/resource/authority/country/NLD,org/4281,def/ep-roles/MEMBER_BUREAU,12/15/15,7/1/19,The Left,
197408,Hildegard BENTELE,http://publications.europa.eu/resource/authority/country/DEU,org/5153,def/ep-roles/MEMBER,7/2/19,7/15/24,EPP,
197680,Aurélia BEIGNEUX,http://publications.europa.eu/resource/authority/country/FRA,org/5588,def/ep-roles/MEMBER,7/2/19,7/15/24,ID,
197571,Nikolaj VILLUMSEN,http://publications.europa.eu/resource/authority/country/DNK,org/5151,def/ep-roles/CHAIR_VICE,7/2/19,12/17/20,The Left,
197473,Christian DOLESCHAL,http://publications.europa.eu/resource/authority/country/DEU,org/7018,def/ep-roles/MEMBER,7/16/24,,EPP,
197731,Clare DALY,http://publications.europa.eu/resource/authority/country/IRL,org/6259,def/ep-roles/MEMBER,12/18/20,7/15/24,The Left,
197770,Martin HOJSÍK,http://publications.europa.eu/resource/authority/country/SVK,org/5704,def/ep-roles/MEMBER,7/2/19,7/15/24,Renew Europe,
96779,Danuta Maria HÜBNER,http://publications.europa.eu/resource/authority/country/POL,org/5153,def/ep-roles/MEMBER,7/2/19,7/15/24,EPP,
197767,Eugen JURZYCA,http://publications.europa.eu/resource/authority/country/SVK,org/5148,def/ep-roles/MEMBER_BUREAU,7/2/19,7/15/24,ECR,
88715,José GUSMÃO,http://publications.europa.eu/resource/authority/country/PRT,org/5151,def/ep-roles/MEMBER,7/2/19,12/17/20,The Left,
96830,Enikő GYŐRI,http://publications.europa.eu/resource/authority/country/HUN,org/2952,def/ep-roles/MEMBER,7/14/09,9/15/09,EPP,
125046,Jonás FERNÁNDEZ,http://publications.europa.eu/resource/authority/country/ESP,org/4284,def/ep-roles/MEMBER,7/1/14,7/1/19,S&D,
197839,Radan KANEV,http://publications.europa.eu/resource/authority/country/BGR,org/7018,def/ep-roles/MEMBER,7/16/24,,EPP,
96998,Evelyn REGNER,http://publications.europa.eu/resource/authority/country/AUT,org/5154,def/ep-roles/MEMBER,7/2/19,7/15/24,S&D,
188945,Dennis RADTKE,http://publications.europa.eu/resource/authority/country/DEU,org/7018,def/ep-roles/MEMBER,7/16/24,,EPP,
125021,Agnes JONGERIUS,http://publications.europa.eu/resource/authority/country/NLD,org/4284,def/ep-roles/MEMBER,7/1/14,7/1/19,S&D,
197663,Dragoş PÎSLARU,http://publications.europa.eu/resource/authority/country/ROU,org/5704,def/ep-roles/MEMBER,7/2/19,7/15/24,Renew Europe,
197500,Mounir SATOURI,http://publications.europa.eu/resource/authority/country/FRA,org/5155,def/ep-roles/MEMBER,7/2/19,7/15/24,Greens/EFA,
197468,Özlem DEMIREL,http://publications.europa.eu/resource/authority/country/DEU,org/5151,def/ep-roles/MEMBER,7/2/19,12/17/20,The Left,
95074,Jeroen LENAERS,http://publications.europa.eu/resource/authority/country/NLD,org/7018,def/ep-roles/CHAIR_VICE,7/16/24,,EPP,
197455,Cindy FRANSSEN,http://publications.europa.eu/resource/authority/country/BEL,org/5153,def/ep-roles/MEMBER,7/2/19,7/15/24,EPP,
96829,Ádám KÓSA,http://publications.europa.eu/resource/authority/country/HUN,org/5152,def/ep-roles/MEMBER,3/5/21,7/15/24,EPP,
197785,Eugenia RODRÍGUEZ PALOP,http://publications.europa.eu/resource/authority/country/ESP,org/5151,def/ep-roles/MEMBER,7/2/19,12/17/20,The Left,
29579,Marc TARABELLA,http://publications.europa.eu/resource/authority/country/BEL,org/5152,def/ep-roles/MEMBER,1/19/23,7/15/24,EPP,
198329,Estrella DURÁ FERRANDIS,http://publications.europa.eu/resource/authority/country/ESP,org/5154,def/ep-roles/MEMBER,7/2/19,7/15/24,S&D,
197817,Mick WALLACE,http://publications.europa.eu/resource/authority/country/IRL,org/6259,def/ep-roles/MEMBER,12/18/20,7/15/24,The Left,
124747,Pedro SILVA PEREIRA,http://publications.europa.eu/resource/authority/country/PRT,org/5154,def/ep-roles/MEMBER,7/2/19,7/15/24,S&D,
245018,Christophe CLERGEAU,http://publications.europa.eu/resource/authority/country/FRA,org/7038,def/ep-roles/CHAIR_VICE,7/16/24,,S&D,
124844,Piernicola PEDICINI,http://publications.europa.eu/resource/authority/country/ITA,org/4880,def/ep-roles/MEMBER,10/20/14,7/1/19,Greens/EFA,
124738,Gilles LEBRETON,http://publications.europa.eu/resource/authority/country/FRA,org/4908,def/ep-roles/MEMBER,6/15/15,7/1/19,ID,
23699,Kateřina KONEČNÁ,http://publications.europa.eu/resource/authority/country/CZE,org/4281,def/ep-roles/TREASURER,12/15/15,7/1/19,The Left,
124834,Martin SONNEBORN,http://publications.europa.eu/resource/authority/country/DEU,org/6561,def/ep-roles/MEMBER,7/16/24,,Non-attached,
125065,Elissavet VOZEMBERG-VRIONIDI,http://publications.europa.eu/resource/authority/country/GRC,org/4273,def/ep-roles/MEMBER,7/1/14,7/1/19,EPP,
197889,Grace O'SULLIVAN,http://publications.europa.eu/resource/authority/country/IRL,org/5155,def/ep-roles/MEMBER,7/2/19,7/15/24,Greens/EFA,
197440,Delara BURKHARDT,http://publications.europa.eu/resource/authority/country/DEU,org/7038,def/ep-roles/MEMBER,7/16/24,,S&D,
197446,Milan BRGLEZ,http://publications.europa.eu/resource/authority/country/SVN,org/5154,def/ep-roles/MEMBER,7/2/19,7/15/24,S&D,
58766,Nicolae ȘTEFĂNUȚĂ,http://publications.europa.eu/resource/authority/country/ROU,org/5155,def/ep-roles/CHAIR_VICE,12/13/23,7/15/24,Greens/EFA,
236052,Patricia CHAGNON,http://publications.europa.eu/resource/authority/country/FRA,org/5588,def/ep-roles/MEMBER,7/29/22,7/15/24,ID,
88882,Victor NEGRESCU,http://publications.europa.eu/resource/authority/country/ROU,org/4284,def/ep-roles/MEMBER,7/1/14,6/29/17,S&D,
124802,Siegfried MUREŞAN,http://publications.europa.eu/resource/authority/country/ROU,org/5153,def/ep-roles/CHAIR_VICE,7/2/19,7/15/24,EPP,
197820,Nicola PROCACCINI,http://publications.europa.eu/resource/authority/country/ITA,org/7037,def/ep-roles/CHAIR_CO,7/16/24,,ECR,
204334,Vincenzo SOFO,http://publications.europa.eu/resource/authority/country/ITA,org/5588,def/ep-roles/MEMBER,2/1/20,2/22/21,ID,
28266,Sophia IN 'T VELD,http://publications.europa.eu/resource/authority/country/NLD,org/5704,def/ep-roles/MEMBER,7/2/19,7/15/24,Renew Europe,
197670,Andreas SCHIEDER,http://publications.europa.eu/resource/authority/country/AUT,org/5154,def/ep-roles/MEMBER,7/2/19,7/15/24,S&D,
197692,Stelios KYMPOUROPOULOS,http://publications.europa.eu/resource/authority/country/GRC,org/5153,def/ep-roles/MEMBER,7/2/19,7/15/24,EPP,
197528,Ondřej KNOTEK,http://publications.europa.eu/resource/authority/country/CZE,org/7150,def/ep-roles/MEMBER_BUREAU,7/16/24,,PfE,
28340,Patrizia TOIA,http://publications.europa.eu/resource/authority/country/ITA,org/4284,def/ep-roles/MEMBER,7/1/14,7/1/19,S&D,
125064,Maria SPYRAKI,http://publications.europa.eu/resource/authority/country/GRC,org/4273,def/ep-roles/MEMBER,7/1/14,7/1/19,EPP,
197657,Tudor CIUHODARU,http://publications.europa.eu/resource/authority/country/ROU,org/5152,def/ep-roles/MEMBER,2/23/24,7/15/24,EPP,
28294,Ljudmila NOVAK,http://publications.europa.eu/resource/authority/country/SVN,org/5153,def/ep-roles/MEMBER,7/2/19,7/15/24,EPP,
124735,Miapetra KUMPULA-NATRI,http://publications.europa.eu/resource/authority/country/FIN,org/4284,def/ep-roles/MEMBER,7/1/14,7/1/19,S&D,
197800,Eero HEINÄLUOMA,http://publications.europa.eu/resource/authority/country/FIN,org/5154,def/ep-roles/TREASURER,7/2/19,12/15/21,S&D,
197445,Moritz KÖRNER,http://publications.europa.eu/resource/authority/country/DEU,org/5704,def/ep-roles/MEMBER,7/2/19,7/15/24,Renew Europe,
96868,Karima DELLI,http://publications.europa.eu/resource/authority/country/FRA,org/4285,def/ep-roles/MEMBER,7/1/14,7/1/19,Greens/EFA,
204420,Claude GRUFFAT,http://publications.europa.eu/resource/authority/country/FRA,org/5155,def/ep-roles/MEMBER,2/5/20,7/15/24,Greens/EFA,
197634,Pedro MARQUES,http://publications.europa.eu/resource/authority/country/PRT,org/5154,def/ep-roles/MEMBER,7/2/19,12/15/21,S&D,
197464,Hannah NEUMANN,http://publications.europa.eu/resource/authority/country/DEU,org/5155,def/ep-roles/MEMBER,7/2/19,7/15/24,Greens/EFA,
187917,Marc BOTENGA,http://publications.europa.eu/resource/authority/country/BEL,org/7036,def/ep-roles/CHAIR_VICE,7/16/24,,The Left,
197734,Lefteris NIKOLAOU-ALAVANOS,http://publications.europa.eu/resource/authority/country/GRC,org/5152,def/ep-roles/MEMBER,7/2/19,7/15/24,EPP,
228604,Ilan DE BASSO,http://publications.europa.eu/resource/authority/country/SWE,org/5154,def/ep-roles/MEMBER,12/14/21,7/15/24,S&D,
197435,Gabriele BISCHOFF,http://publications.europa.eu/resource/authority/country/DEU,org/7038,def/ep-roles/CHAIR_VICE,7/16/24,,S&D,
190713,Lukas MANDL,http://publications.europa.eu/resource/authority/country/AUT,org/5153,def/ep-roles/MEMBER,7/2/19,7/15/24,EPP,
197870,Kim VAN SPARRENTAK,http://publications.europa.eu/resource/authority/country/NLD,org/5155,def/ep-roles/MEMBER,7/2/19,7/15/24,Greens/EFA,
197792,Daniela RONDINELLI,http://publications.europa.eu/resource/authority/country/ITA,org/5154,def/ep-roles/MEMBER,1/25/23,7/15/24,S&D,
197403,Alex AGIUS SALIBA,http://publications.europa.eu/resource/authority/country/MLT,org/7038,def/ep-roles/CHAIR_VICE,7/16/24,,S&D,
124866,Ilhan KYUCHYUK,http://publications.europa.eu/resource/authority/country/BGR,org/5704,def/ep-roles/MEMBER,7/2/19,7/15/24,Renew Europe,
229352,Malte GALLÉE,http://publications.europa.eu/resource/authority/country/DEU,org/5155,def/ep-roles/MEMBER,12/22/21,3/5/24,Greens/EFA,
218349,Michiel HOOGEVEEN,http://publications.europa.eu/resource/authority/country/NLD,org/5148,def/ep-roles/MEMBER,4/19/21,7/15/24,ECR,
197668,Vlad-Marius BOTOŞ,http://publications.europa.eu/resource/authority/country/ROU,org/5704,def/ep-roles/MEMBER,7/2/19,7/15/24,Renew Europe,
96648,Philippe LAMBERTS,http://publications.europa.eu/resource/authority/country/BEL,org/4285,def/ep-roles/CHAIR_CO,7/1/14,7/1/19,Greens/EFA,
5729,Kathleen VAN BREMPT,http://publications.europa.eu/resource/authority/country/BEL,org/5154,def/ep-roles/MEMBER,7/2/19,7/15/24,S&D,
197470,Saskia BRICMONT,http://publications.europa.eu/resource/authority/country/BEL,org/7028,def/ep-roles/MEMBER,7/16/24,,Greens/EFA,
197520,Izabela-Helena KLOC,http://publications.europa.eu/resource/authority/country/POL,org/5148,def/ep-roles/MEMBER,7/2/19,7/15/24,ECR,
202352,Antoni COMÍN I OLIVERES,http://publications.europa.eu/resource/authority/country/ESP,org/5152,def/ep-roles/MEMBER,7/2/19,7/15/24,EPP,
197402,Tomas TOBÉ,http://publications.europa.eu/resource/authority/country/SWE,org/5153,def/ep-roles/MEMBER,7/2/19,7/15/24,EPP,
197413,Karlo RESSLER,http://publications.europa.eu/resource/authority/country/HRV,org/5153,def/ep-roles/MEMBER,7/2/19,7/15/24,EPP,
28150,Kinga GÁL,http://publications.europa.eu/resource/authority/country/HUN,org/5152,def/ep-roles/MEMBER,3/5/21,7/15/24,EPP,
4246,Othmar KARAS,http://publications.europa.eu/resource/authority/country/AUT,org/2952,def/ep-roles/CHAIR_VICE,7/14/09,11/24/09,EPP,
28353,Anna FOTYGA,http://publications.europa.eu/resource/authority/country/POL,org/1539,def/ep-roles/MEMBER,7/20/04,11/22/05,ECR,
197843,Andrius KUBILIUS,http://publications.europa.eu/resource/authority/country/LTU,org/5153,def/ep-roles/MEMBER,7/2/19,7/15/24,EPP,
197497,Sven MIKSER,http://publications.europa.eu/resource/authority/country/EST,org/7038,def/ep-roles/MEMBER,7/16/24,,S&D,
125214,Bronis ROPĖ,http://publications.europa.eu/resource/authority/country/LTU,org/5155,def/ep-roles/MEMBER,7/2/19,7/15/24,Greens/EFA,
197537,Alexandr VONDRA,http://publications.europa.eu/resource/authority/country/CZE,org/7037,def/ep-roles/CHAIR_VICE,7/16/24,,ECR,
124891,Zdzisław KRASNODĘBSKI,http://publications.europa.eu/resource/authority/country/POL,org/4275,def/ep-roles/MEMBER_BUREAU,3/1/18,3/7/18,ECR,
197523,Łukasz KOHUT,http://publications.europa.eu/resource/authority/country/POL,org/7018,def/ep-roles/MEMBER,7/16/24,,EPP,
112748,Biljana BORZAN,http://publications.europa.eu/resource/authority/country/HRV,org/2953,def/ep-roles/OBSERVER,4/1/12,6/30/13,S&D,
204419,Sandro GOZI,http://publications.europa.eu/resource/authority/country/ITA,org/5704,def/ep-roles/MEMBER,2/4/20,7/15/24,Renew Europe,
197503,David CORMAND,http://publications.europa.eu/resource/authority/country/FRA,org/5155,def/ep-roles/MEMBER,7/2/19,7/15/24,Greens/EFA,
124875,Anders VISTISEN,http://publications.europa.eu/resource/authority/country/DNK,org/7150,def/ep-roles/MEMBER_BUREAU,7/16/24,4/13/26,PfE,
197527,Anne-Sophie PELLETIER,http://publications.europa.eu/resource/authority/country/FRA,org/5151,def/ep-roles/MEMBER,7/2/19,12/17/20,The Left,
28223,Andreas SCHWAB,http://publications.europa.eu/resource/authority/country/DEU,org/5153,def/ep-roles/MEMBER,7/2/19,7/15/24,EPP,
37312,Christel SCHALDEMOSE,http://publications.europa.eu/resource/authority/country/DNK,org/2953,def/ep-roles/MEMBER,7/14/09,6/30/14,S&D,
23788,Adam BIELAN,http://publications.europa.eu/resource/authority/country/POL,org/990,def/ep-roles/OBSERVER,12/18/03,4/30/04,ECR,
229839,René REPASI,http://publications.europa.eu/resource/authority/country/DEU,org/7038,def/ep-roles/MEMBER,7/16/24,,S&D,
197635,Maria-Manuel LEITÃO-MARQUES,http://publications.europa.eu/resource/authority/country/PRT,org/5154,def/ep-roles/MEMBER,7/2/19,7/15/24,S&D,
247735,Laura BALLARÍN CEREZA,http://publications.europa.eu/resource/authority/country/ESP,org/5154,def/ep-roles/MEMBER,9/6/23,7/15/24,S&D,
204416,Ilana CICUREL,http://publications.europa.eu/resource/authority/country/FRA,org/5704,def/ep-roles/MEMBER,2/1/20,7/15/24,Renew Europe,
197438,Mislav KOLAKUŠIĆ,http://publications.europa.eu/resource/authority/country/HRV,org/5152,def/ep-roles/MEMBER,7/2/19,7/15/24,EPP,
197652,Angelika WINZIG,http://publications.europa.eu/resource/authority/country/AUT,org/5153,def/ep-roles/MEMBER,7/2/19,7/15/24,EPP,
96812,Juan Fernando LÓPEZ AGUILAR,http://publications.europa.eu/resource/authority/country/ESP,org/7038,def/ep-roles/MEMBER,7/16/24,,S&D,
221463,Ladislav ILČIĆ,http://publications.europa.eu/resource/authority/country/HRV,org/5148,def/ep-roles/MEMBER_BUREAU,7/6/21,7/15/24,ECR,
23868,Monika BEŇOVÁ,http://publications.europa.eu/resource/authority/country/SVK,org/4284,def/ep-roles/MEMBER,7/1/14,7/1/19,S&D,
197514,Andrzej HALICKI,http://publications.europa.eu/resource/authority/country/POL,org/7018,def/ep-roles/CHAIR_VICE,7/16/24,,EPP,
124713,Tomáš ZDECHOVSKÝ,http://publications.europa.eu/resource/authority/country/CZE,org/4273,def/ep-roles/MEMBER,7/1/14,7/1/19,EPP,
204336,Miriam LEXMANN,http://publications.europa.eu/resource/authority/country/SVK,org/5153,def/ep-roles/MEMBER,2/1/20,7/15/24,EPP,
185974,Jordi SOLÉ,http://publications.europa.eu/resource/authority/country/ESP,org/4285,def/ep-roles/MEMBER,1/3/17,7/1/19,Greens/EFA,
123562,Charlie WEIMERS,http://publications.europa.eu/resource/authority/country/SWE,org/5148,def/ep-roles/CHAIR_VICE,4/5/22,7/15/24,ECR,
197557,Christophe GRUDLER,http://publications.europa.eu/resource/authority/country/FRA,org/7035,def/ep-roles/MEMBER,7/16/24,,Renew Europe,
136236,João PIMENTA LOPES,http://publications.europa.eu/resource/authority/country/PRT,org/6259,def/ep-roles/MEMBER,7/6/21,7/15/24,The Left,
96820,Marisa MATIAS,http://publications.europa.eu/resource/authority/country/PRT,org/5151,def/ep-roles/CHAIR_VICE,7/2/19,12/17/20,The Left,
197494,Nathalie LOISEAU,http://publications.europa.eu/resource/authority/country/FRA,org/5704,def/ep-roles/MEMBER,7/2/19,7/15/24,Renew Europe,
197533,Manon AUBRY,http://publications.europa.eu/resource/authority/country/FRA,org/6259,def/ep-roles/CHAIR_CO,12/18/20,7/15/24,The Left,
130833,Stelios KOULOGLOU,http://publications.europa.eu/resource/authority/country/GRC,org/6259,def/ep-roles/MEMBER,12/18/20,7/15/24,The Left,
2054,Heidi HAUTALA,http://publications.europa.eu/resource/authority/country/FIN,org/991,def/ep-roles/CHAIR,7/20/99,1/7/02,Greens/EFA,
204335,Alviina ALAMETSÄ,http://publications.europa.eu/resource/authority/country/FIN,org/5155,def/ep-roles/MEMBER,2/1/20,7/15/24,Greens/EFA,
244571,Nikos PAPANDREOU,http://publications.europa.eu/resource/authority/country/GRC,org/5154,def/ep-roles/MEMBER,5/3/23,7/15/24,S&D,
197430,Engin EROGLU,http://publications.europa.eu/resource/authority/country/DEU,org/5704,def/ep-roles/MEMBER,7/2/19,7/15/24,Renew Europe,
197623,Thierry MARIANI,http://publications.europa.eu/resource/authority/country/FRA,org/5588,def/ep-roles/MEMBER,7/2/19,7/15/24,ID,
197827,Idoia VILLANUEVA RUIZ,http://publications.europa.eu/resource/authority/country/ESP,org/5151,def/ep-roles/MEMBER,7/2/19,12/17/20,The Left,
185341,Željana ZOVKO,http://publications.europa.eu/resource/authority/country/HRV,org/5153,def/ep-roles/MEMBER,7/2/19,1/24/22,EPP,
124846,Pina PICIERNO,http://publications.europa.eu/resource/authority/country/ITA,org/5154,def/ep-roles/MEMBER,7/2/19,7/15/24,S&D,
202073,Marc ANGEL,http://publications.europa.eu/resource/authority/country/LUX,org/5154,def/ep-roles/MEMBER,12/10/19,7/15/24,S&D,
197627,Virginie JORON,http://publications.europa.eu/resource/authority/country/FRA,org/5588,def/ep-roles/MEMBER,7/2/19,7/15/24,ID,
124704,Stanislav POLČÁK,http://publications.europa.eu/resource/authority/country/CZE,org/5153,def/ep-roles/MEMBER,7/2/19,7/15/24,EPP,
193292,Tilly METZ,http://publications.europa.eu/resource/authority/country/LUX,org/4285,def/ep-roles/MEMBER,6/20/18,7/1/19,Greens/EFA,
28297,Jacek SARYUSZ-WOLSKI,http://publications.europa.eu/resource/authority/country/POL,org/5148,def/ep-roles/MEMBER,7/2/19,7/15/24,ECR,
127096,Domènec RUIZ DEVESA,http://publications.europa.eu/resource/authority/country/ESP,org/5154,def/ep-roles/MEMBER,7/2/19,7/15/24,S&D,
101039,Paolo BORCHIA,http://publications.europa.eu/resource/authority/country/ITA,org/5588,def/ep-roles/MEMBER,7/2/19,7/15/24,ID,
124821,Nicola DANTI,http://publications.europa.eu/resource/authority/country/ITA,org/4284,def/ep-roles/MEMBER,7/1/14,7/1/19,S&D,
96810,Carlo FIDANZA,http://publications.europa.eu/resource/authority/country/ITA,org/7037,def/ep-roles/MEMBER_BUREAU,7/16/24,,ECR,
197804,Dino GIARRUSSO,http://publications.europa.eu/resource/authority/country/ITA,org/5152,def/ep-roles/MEMBER,7/2/19,7/15/24,EPP,
197395,Alice KUHNKE,http://publications.europa.eu/resource/authority/country/SWE,org/5155,def/ep-roles/CHAIR_VICE,7/2/19,7/15/24,Greens/EFA,
28615,Roberts ZĪLE,http://publications.europa.eu/resource/authority/country/LVA,org/1539,def/ep-roles/CHAIR_VICE,7/20/07,7/13/09,ECR,
28390,Pilar DEL CASTILLO VERA,http://publications.europa.eu/resource/authority/country/ESP,org/1533,def/ep-roles/MEMBER,7/20/04,7/13/09,EPP,
96936,Gabriel MATO,http://publications.europa.eu/resource/authority/country/ESP,org/7018,def/ep-roles/MEMBER,7/16/24,,EPP,
197779,José Ramón BAUZÁ DÍAZ,http://publications.europa.eu/resource/authority/country/ESP,org/5704,def/ep-roles/MEMBER,7/2/19,7/15/24,Renew Europe,
197778,Tom BERENDSEN,http://publications.europa.eu/resource/authority/country/NLD,org/5153,def/ep-roles/MEMBER,7/2/19,7/15/24,EPP,
37324,Adina VĂLEAN,http://publications.europa.eu/resource/authority/country/ROU,org/1550,def/ep-roles/MEMBER,1/1/07,7/19/07,EPP,
4289,Angelika NIEBLER,http://publications.europa.eu/resource/authority/country/DEU,org/1533,def/ep-roles/MEMBER_BUREAU,11/14/04,7/13/09,EPP,
204400,Adrián VÁZQUEZ LÁZARA,http://publications.europa.eu/resource/authority/country/ESP,org/7018,def/ep-roles/MEMBER,7/16/24,,EPP,
190518,Jörg MEUTHEN,http://publications.europa.eu/resource/authority/country/DEU,org/5588,def/ep-roles/CHAIR_VICE,7/2/19,2/13/22,ID,
96899,José Manuel FERNANDES,http://publications.europa.eu/resource/authority/country/PRT,org/2952,def/ep-roles/MEMBER,7/14/09,6/30/14,EPP,
124726,Henna VIRKKUNEN,http://publications.europa.eu/resource/authority/country/FIN,org/4273,def/ep-roles/MEMBER,7/1/14,7/1/19,EPP,
125063,Georgios KYRTSOS,http://publications.europa.eu/resource/authority/country/GRC,org/5704,def/ep-roles/MEMBER,5/5/22,7/15/24,Renew Europe,
197764,Miroslav RADAČOVSKÝ,http://publications.europa.eu/resource/authority/country/SVK,org/5152,def/ep-roles/MEMBER,7/2/19,7/15/24,EPP,
124833,Laura FERRARA,http://publications.europa.eu/resource/authority/country/ITA,org/3968,def/ep-roles/MEMBER,10/16/14,10/19/14,Non-attached,
96934,Sandra KALNIETE,http://publications.europa.eu/resource/authority/country/LVA,org/7018,def/ep-roles/MEMBER,7/16/24,,EPP,
124812,Fabio Massimo CASTALDO,http://publications.europa.eu/resource/authority/country/ITA,org/5704,def/ep-roles/MEMBER,2/8/24,7/15/24,Renew Europe,
124586,Balázs HIDVÉGHI,http://publications.europa.eu/resource/authority/country/HUN,org/2952,def/ep-roles/MEMBER,5/15/14,6/30/14,EPP,
197581,Stéphanie YON-COURTIN,http://publications.europa.eu/resource/authority/country/FRA,org/7035,def/ep-roles/MEMBER,7/16/24,,Renew Europe,
197406,Arba KOKALARI,http://publications.europa.eu/resource/authority/country/SWE,org/7018,def/ep-roles/MEMBER,7/16/24,,EPP,
239260,Denis NESCI,http://publications.europa.eu/resource/authority/country/ITA,org/7037,def/ep-roles/TREASURER_CO,7/16/24,,ECR,
197401,Karin KARLSBRO,http://publications.europa.eu/resource/authority/country/SWE,org/7035,def/ep-roles/MEMBER_BUREAU,7/16/24,,Renew Europe,
240478,Beatrice COVASSI,http://publications.europa.eu/resource/authority/country/ITA,org/5154,def/ep-roles/MEMBER,12/6/22,7/15/24,S&D,
28372,Ryszard CZARNECKI,http://publications.europa.eu/resource/authority/country/POL,org/4275,def/ep-roles/MEMBER,7/1/14,7/7/14,ECR,
197709,Robert ROOS,http://publications.europa.eu/resource/authority/country/NLD,org/5148,def/ep-roles/MEMBER,7/2/19,4/19/21,ECR,
96653,Katarína ROTH NEVEĎALOVÁ,http://publications.europa.eu/resource/authority/country/SVK,org/6561,def/ep-roles/MEMBER,7/16/24,,Non-attached,
1892,Carlos COELHO,http://publications.europa.eu/resource/authority/country/PRT,org/488,def/ep-roles/MEMBER,1/11/94,7/18/94,EPP,
197728,Mónica Silvana GONZÁLEZ,http://publications.europa.eu/resource/authority/country/ESP,org/5154,def/ep-roles/MEMBER,7/2/19,7/15/24,S&D,
197483,Sylvia LIMMER,http://publications.europa.eu/resource/authority/country/DEU,org/5152,def/ep-roles/MEMBER,5/23/24,7/15/24,EPP,
197552,Veronika VRECIONOVÁ,http://publications.europa.eu/resource/authority/country/CZE,org/5148,def/ep-roles/MEMBER_BUREAU,3/10/20,4/4/22,ECR,
4267,Udo BULLMANN,http://publications.europa.eu/resource/authority/country/DEU,org/1534,def/ep-roles/MEMBER,7/20/04,7/13/09,S&D,
197400,Abir AL-SAHLANI,http://publications.europa.eu/resource/authority/country/SWE,org/5704,def/ep-roles/MEMBER,7/2/19,7/15/24,Renew Europe,
28161,Margrete AUKEN,http://publications.europa.eu/resource/authority/country/DNK,org/2965,def/ep-roles/MEMBER,7/14/09,6/30/14,Greens/EFA,
197542,Janina OCHOJSKA,http://publications.europa.eu/resource/authority/country/POL,org/5153,def/ep-roles/MEMBER,7/2/19,7/15/24,EPP,
197650,Isabel SANTOS,http://publications.europa.eu/resource/authority/country/PRT,org/5154,def/ep-roles/MEMBER,7/2/19,7/15/24,S&D,
197868,Samira RAFAELA,http://publications.europa.eu/resource/authority/country/NLD,org/5704,def/ep-roles/MEMBER,7/2/19,7/15/24,Renew Europe,
124867,Brando BENIFEI,http://publications.europa.eu/resource/authority/country/ITA,org/4284,def/ep-roles/MEMBER,7/1/14,7/1/19,S&D,
183338,Jakop G. DALUNDE,http://publications.europa.eu/resource/authority/country/SWE,org/4285,def/ep-roles/MEMBER,6/7/16,7/1/19,Greens/EFA,
197654,Ciarán CUFFE,http://publications.europa.eu/resource/authority/country/IRL,org/5155,def/ep-roles/MEMBER,7/2/19,7/15/24,Greens/EFA,
197460,Sergey LAGODINSKY,http://publications.europa.eu/resource/authority/country/DEU,org/7028,def/ep-roles/MEMBER_BUREAU,7/16/24,11/12/24,Greens/EFA,
197417,Tomislav SOKOL,http://publications.europa.eu/resource/authority/country/HRV,org/7018,def/ep-roles/MEMBER,7/16/24,,EPP,
124936,Maria ARENA,http://publications.europa.eu/resource/authority/country/BEL,org/5154,def/ep-roles/MEMBER,7/2/19,7/15/24,S&D,
124861,Caterina CHINNICI,http://publications.europa.eu/resource/authority/country/ITA,org/4284,def/ep-roles/MEMBER,7/1/14,7/1/19,S&D,
197589,Laurence FARRENG,http://publications.europa.eu/resource/authority/country/FRA,org/5704,def/ep-roles/MEMBER,7/2/19,7/15/24,Renew Europe,
28619,Tatjana ŽDANOKA,http://publications.europa.eu/resource/authority/country/LVA,org/5155,def/ep-roles/MEMBER,7/2/19,3/31/22,Greens/EFA,
197444,Svenja HAHN,http://publications.europa.eu/resource/authority/country/DEU,org/5704,def/ep-roles/MEMBER,7/2/19,7/15/24,Renew Europe,
197722,Nacho SÁNCHEZ AMOR,http://publications.europa.eu/resource/authority/country/ESP,org/7038,def/ep-roles/MEMBER,7/16/24,,S&D,
237779,Carina OHLSSON,http://publications.europa.eu/resource/authority/country/SWE,org/5154,def/ep-roles/MEMBER,9/26/22,7/15/24,S&D,
197841,Liudas MAŽYLIS,http://publications.europa.eu/resource/authority/country/LTU,org/5153,def/ep-roles/MEMBER,7/2/19,7/15/24,EPP,
124700,Jana TOOM,http://publications.europa.eu/resource/authority/country/EST,org/5704,def/ep-roles/MEMBER,7/2/19,7/15/24,Renew Europe,
134605,Ramona STRUGARIU,http://publications.europa.eu/resource/authority/country/ROU,org/5704,def/ep-roles/MEMBER,7/2/19,7/15/24,Renew Europe,
198490,Emmanouil FRAGKOS,http://publications.europa.eu/resource/authority/country/GRC,org/5148,def/ep-roles/MEMBER_BUREAU,7/10/19,7/15/24,ECR,
125706,Jiří POSPÍŠIL,http://publications.europa.eu/resource/authority/country/CZE,org/4273,def/ep-roles/MEMBER,7/1/14,7/1/19,EPP,
96772,Peter JAHR,http://publications.europa.eu/resource/authority/country/DEU,org/5153,def/ep-roles/MEMBER,7/2/19,7/15/24,EPP,
96646,Helmut SCHOLZ,http://publications.europa.eu/resource/authority/country/DEU,org/5151,def/ep-roles/MEMBER,7/2/19,12/17/20,The Left,
96903,Paulo RANGEL,http://publications.europa.eu/resource/authority/country/PRT,org/4273,def/ep-roles/CHAIR_VICE,7/1/14,7/1/19,EPP,
124828,Fulvio MARTUSCIELLO,http://publications.europa.eu/resource/authority/country/ITA,org/7018,def/ep-roles/MEMBER,7/16/24,,EPP,
124835,Rosa D'AMATO,http://publications.europa.eu/resource/authority/country/ITA,org/5155,def/ep-roles/MEMBER,12/9/20,7/15/24,Greens/EFA,
124777,Tiziana BEGHIN,http://publications.europa.eu/resource/authority/country/ITA,org/4280,def/ep-roles/MEMBER,7/1/14,10/15/14,Non-attached,
183916,Alexandra GEESE,http://publications.europa.eu/resource/authority/country/DEU,org/5155,def/ep-roles/MEMBER,7/2/19,11/9/22,Greens/EFA,
230085,Camilla LAURETI,http://publications.europa.eu/resource/authority/country/ITA,org/7038,def/ep-roles/CHAIR_VICE,7/16/24,,S&D,
197702,Lina GÁLVEZ,http://publications.europa.eu/resource/authority/country/ESP,org/5154,def/ep-roles/MEMBER,7/2/19,7/15/24,S&D,
96668,Seán KELLY,http://publications.europa.eu/resource/authority/country/IRL,org/2952,def/ep-roles/MEMBER,7/14/09,6/30/14,EPP,
131507,Miguel URBÁN CRESPO,http://publications.europa.eu/resource/authority/country/ESP,org/4281,def/ep-roles/MEMBER,3/5/15,5/9/17,The Left,
197405,Jörgen WARBORN,http://publications.europa.eu/resource/authority/country/SWE,org/5153,def/ep-roles/MEMBER,7/2/19,7/15/24,EPP,
197458,Benoît LUTGEN,http://publications.europa.eu/resource/authority/country/BEL,org/5153,def/ep-roles/MEMBER,7/2/19,7/15/24,EPP,
130100,Hilde VAUTMANS,http://publications.europa.eu/resource/authority/country/BEL,org/7035,def/ep-roles/MEMBER_BUREAU,7/16/24,,Renew Europe,
124973,Gerolf ANNEMANS,http://publications.europa.eu/resource/authority/country/BEL,org/7150,def/ep-roles/TREASURER,7/16/24,,PfE,
124760,Nicolas BAY,http://publications.europa.eu/resource/authority/country/FRA,org/7037,def/ep-roles/CHAIR_VICE,11/26/24,,ECR,
124784,Dan NICA,http://publications.europa.eu/resource/authority/country/ROU,org/5154,def/ep-roles/MEMBER,7/2/19,7/15/24,S&D,
197638,Margarida MARQUES,http://publications.europa.eu/resource/authority/country/PRT,org/5154,def/ep-roles/MEMBER,7/2/19,7/15/24,S&D,
124766,Petras AUŠTREVIČIUS,http://publications.europa.eu/resource/authority/country/LTU,org/5704,def/ep-roles/MEMBER,7/2/19,7/15/24,Renew Europe,
197451,Viola VON CRAMON-TAUBADEL,http://publications.europa.eu/resource/authority/country/DEU,org/5155,def/ep-roles/MEMBER,7/2/19,7/15/24,Greens/EFA,
112744,Tonino PICULA,http://publications.europa.eu/resource/authority/country/HRV,org/5154,def/ep-roles/MEMBER,7/2/19,7/15/24,S&D,
197802,Ville NIINISTÖ,http://publications.europa.eu/resource/authority/country/FIN,org/5155,def/ep-roles/MEMBER,7/2/19,7/15/24,Greens/EFA,
197507,Włodzimierz CIMOSZEWICZ,http://publications.europa.eu/resource/authority/country/POL,org/5154,def/ep-roles/MEMBER,7/2/19,7/15/24,S&D,
204449,Riho TERRAS,http://publications.europa.eu/resource/authority/country/EST,org/5153,def/ep-roles/MEMBER,2/1/20,7/15/24,EPP,
197838,Juozas OLEKAS,http://publications.europa.eu/resource/authority/country/LTU,org/5154,def/ep-roles/MEMBER,7/2/19,7/15/24,S&D,
27714,Edina TÓTH,http://publications.europa.eu/resource/authority/country/HUN,org/5152,def/ep-roles/MEMBER,3/5/21,7/15/24,EPP,
126644,Jordi CAÑAS,http://publications.europa.eu/resource/authority/country/ESP,org/5704,def/ep-roles/CHAIR_VICE,9/13/22,7/15/24,Renew Europe,
204332,Barry ANDREWS,http://publications.europa.eu/resource/authority/country/IRL,org/7035,def/ep-roles/MEMBER,7/16/24,,Renew Europe,
28224,Markus PIEPER,http://publications.europa.eu/resource/authority/country/DEU,org/4273,def/ep-roles/MEMBER,7/1/14,7/1/19,EPP,
125093,Kostas PAPADAKIS,http://publications.europa.eu/resource/authority/country/GRC,org/5152,def/ep-roles/MEMBER,7/2/19,7/15/24,EPP,
197392,Evin INCIR,http://publications.europa.eu/resource/authority/country/SWE,org/5154,def/ep-roles/MEMBER,7/2/19,7/15/24,S&D,
124739,Carlos ZORRINHO,http://publications.europa.eu/resource/authority/country/PRT,org/4284,def/ep-roles/MEMBER,7/1/14,7/1/19,S&D,
197489,Bernhard ZIMNIOK,http://publications.europa.eu/resource/authority/country/DEU,org/5588,def/ep-roles/MEMBER,7/2/19,5/22/24,ID,
197414,Loucas FOURLAS,http://publications.europa.eu/resource/authority/country/CYP,org/7018,def/ep-roles/MEMBER,7/16/24,,EPP,
233862,Matjaž NEMEC,http://publications.europa.eu/resource/authority/country/SVN,org/7038,def/ep-roles/MEMBER,7/16/24,,S&D,
125042,Javi LÓPEZ,http://publications.europa.eu/resource/authority/country/ESP,org/5154,def/ep-roles/MEMBER,7/2/19,7/15/24,S&D,
197935,Ivan Vilibor SINČIĆ,http://publications.europa.eu/resource/authority/country/HRV,org/5152,def/ep-roles/MEMBER,7/2/19,7/15/24,EPP,
124712,Andrea BOCSKOR,http://publications.europa.eu/resource/authority/country/HUN,org/5152,def/ep-roles/MEMBER,3/5/21,7/15/24,EPP,
197672,Eugen TOMAC,http://publications.europa.eu/resource/authority/country/ROU,org/5153,def/ep-roles/MEMBER,7/2/19,7/15/24,EPP,
124691,Costas MAVRIDES,http://publications.europa.eu/resource/authority/country/CYP,org/4284,def/ep-roles/MEMBER,7/1/14,7/1/19,S&D,
124884,Kosma ZŁOTOWSKI,http://publications.europa.eu/resource/authority/country/POL,org/4275,def/ep-roles/MEMBER,7/1/14,12/12/16,ECR,
204733,Dorien ROOKMAKER,http://publications.europa.eu/resource/authority/country/NLD,org/5148,def/ep-roles/MEMBER,12/8/21,7/15/24,ECR,
250918,François THIOLLET,http://publications.europa.eu/resource/authority/country/FRA,org/5155,def/ep-roles/MEMBER,11/30/23,7/15/24,Greens/EFA,
125038,Maite PAGAZAURTUNDÚA,http://publications.europa.eu/resource/authority/country/ESP,org/5704,def/ep-roles/MEMBER,7/2/19,7/15/24,Renew Europe,
132191,Gunnar BECK,http://publications.europa.eu/resource/authority/country/DEU,org/5152,def/ep-roles/MEMBER,5/23/24,7/15/24,EPP,
840,Charles GOERENS,http://publications.europa.eu/resource/authority/country/LUX,org/515,def/ep-roles/MEMBER,10/25/94,2/28/95,Renew Europe,
197462,Erik MARQUARDT,http://publications.europa.eu/resource/authority/country/DEU,org/5155,def/ep-roles/MEMBER,7/2/19,7/15/24,Greens/EFA,
197578,Silvia SARDONE,http://publications.europa.eu/resource/authority/country/ITA,org/7150,def/ep-roles/MEMBER,7/16/24,,PfE,
96922,Izaskun BILBAO BARANDICA,http://publications.europa.eu/resource/authority/country/ESP,org/4283,def/ep-roles/CHAIR_VICE,11/5/14,1/31/17,Renew Europe,
197831,Hermann TERTSCH,http://publications.europa.eu/resource/authority/country/ESP,org/7150,def/ep-roles/CHAIR_VICE,7/16/24,,PfE,
197777,Leopoldo LÓPEZ GIL,http://publications.europa.eu/resource/authority/country/ESP,org/5153,def/ep-roles/MEMBER,7/2/19,7/15/24,EPP,
28347,Javier MORENO SÁNCHEZ,http://publications.europa.eu/resource/authority/country/ESP,org/7038,def/ep-roles/MEMBER,7/16/24,,S&D,
197467,Geert BOURGEOIS,http://publications.europa.eu/resource/authority/country/BEL,org/5148,def/ep-roles/MEMBER_BUREAU,7/2/19,7/15/24,ECR,
135511,Valérie HAYER,http://publications.europa.eu/resource/authority/country/FRA,org/7035,def/ep-roles/CHAIR,7/16/24,,Renew Europe,
208722,Sara MATTHIEU,http://publications.europa.eu/resource/authority/country/BEL,org/7028,def/ep-roles/MEMBER,7/16/24,,Greens/EFA,
185771,Tom VANDENDRIESSCHE,http://publications.europa.eu/resource/authority/country/BEL,org/5588,def/ep-roles/MEMBER,7/2/19,7/15/24,ID,
129164,Tom VANDENKENDELAERE,http://publications.europa.eu/resource/authority/country/BEL,org/5153,def/ep-roles/MEMBER,1/26/21,7/15/24,EPP,
197493,Jaak MADISON,http://publications.europa.eu/resource/authority/country/EST,org/5588,def/ep-roles/TREASURER,7/2/19,7/15/24,ID,
197763,Milan UHRÍK,http://publications.europa.eu/resource/authority/country/SVK,org/7151,def/ep-roles/CHAIR_VICE,7/16/24,,ESN,
197840,Rasa JUKNEVIČIENĖ,http://publications.europa.eu/resource/authority/country/LTU,org/7018,def/ep-roles/MEMBER,7/16/24,,EPP,
97058,Guy VERHOFSTADT,http://publications.europa.eu/resource/authority/country/BEL,org/5704,def/ep-roles/MEMBER,7/2/19,7/15/24,Renew Europe,
124785,Maria GRAPINI,http://publications.europa.eu/resource/authority/country/ROU,org/7038,def/ep-roles/MEMBER,7/16/24,,S&D,
197538,Beata MAZUREK,http://publications.europa.eu/resource/authority/country/POL,org/5148,def/ep-roles/MEMBER,7/2/19,7/15/24,ECR,
86793,Anna CAVAZZINI,http://publications.europa.eu/resource/authority/country/DEU,org/5155,def/ep-roles/MEMBER,7/2/19,7/15/24,Greens/EFA,
96808,Pablo ARIAS ECHEVERRÍA,http://publications.europa.eu/resource/authority/country/ESP,org/5153,def/ep-roles/MEMBER,7/2/19,7/15/24,EPP,
197526,Martin HLAVÁČEK,http://publications.europa.eu/resource/authority/country/CZE,org/7150,def/ep-roles/MEMBER,7/16/24,7/31/24,PfE,
202036,Sunčana GLAVAK,http://publications.europa.eu/resource/authority/country/HRV,org/7018,def/ep-roles/MEMBER,7/16/24,,EPP,
96780,Monika HOHLMEIER,http://publications.europa.eu/resource/authority/country/DEU,org/5153,def/ep-roles/MEMBER,7/2/19,7/15/24,EPP,
106936,Daniel FREUND,http://publications.europa.eu/resource/authority/country/DEU,org/7028,def/ep-roles/MEMBER,7/16/24,,Greens/EFA,
124985,Luke Ming FLANAGAN,http://publications.europa.eu/resource/authority/country/IRL,org/7036,def/ep-roles/MEMBER,7/16/24,7/17/24,The Left,
197742,Isabel GARCÍA MUÑOZ,http://publications.europa.eu/resource/authority/country/ESP,org/5154,def/ep-roles/MEMBER,7/2/19,7/15/24,S&D,
124771,Dominique BILDE,http://publications.europa.eu/resource/authority/country/FRA,org/4908,def/ep-roles/MEMBER,6/15/15,7/1/19,ID,
197595,Anna Júlia DONÁTH,http://publications.europa.eu/resource/authority/country/HUN,org/5704,def/ep-roles/MEMBER,7/2/19,7/15/24,Renew Europe,
197584,Sándor RÓNAI,http://publications.europa.eu/resource/authority/country/HUN,org/5154,def/ep-roles/MEMBER,7/2/19,7/15/24,S&D,
28399,Antonio LÓPEZ-ISTÚRIZ WHITE,http://publications.europa.eu/resource/authority/country/ESP,org/1533,def/ep-roles/MEMBER,7/20/04,8/30/04,EPP,
197619,Sabrina PIGNEDOLI,http://publications.europa.eu/resource/authority/country/ITA,org/5152,def/ep-roles/MEMBER,7/2/19,7/15/24,EPP,
197695,Anna-Michelle ASIMAKOPOULOU,http://publications.europa.eu/resource/authority/country/GRC,org/5153,def/ep-roles/MEMBER,7/2/19,7/15/24,EPP,
197511,Salima YENBOU,http://publications.europa.eu/resource/authority/country/FRA,org/5704,def/ep-roles/MEMBER,3/9/22,7/15/24,Renew Europe,
197818,Billy KELLEHER,http://publications.europa.eu/resource/authority/country/IRL,org/5704,def/ep-roles/MEMBER,7/2/19,7/15/24,Renew Europe,
239271,Eleni STAVROU,http://publications.europa.eu/resource/authority/country/CYP,org/5153,def/ep-roles/MEMBER,11/2/22,7/15/24,EPP,
197662,Vangelis MEIMARAKIS,http://publications.europa.eu/resource/authority/country/GRC,org/5153,def/ep-roles/CHAIR_VICE,7/2/19,7/15/24,EPP,
213330,Ernő SCHALLER-BAROSS,http://publications.europa.eu/resource/authority/country/HUN,org/7150,def/ep-roles/MEMBER,7/16/24,,PfE,
197626,Hervé JUVIN,http://publications.europa.eu/resource/authority/country/FRA,org/5588,def/ep-roles/MEMBER,7/2/19,11/9/22,ID,
190464,Thomas WAITZ,http://publications.europa.eu/resource/authority/country/AUT,org/5155,def/ep-roles/MEMBER,2/1/20,7/15/24,Greens/EFA,
197836,Alexander ALEXANDROV YORDANOV,http://publications.europa.eu/resource/authority/country/BGR,org/5153,def/ep-roles/MEMBER,7/2/19,7/15/24,EPP,
129073,Urmas PAET,http://publications.europa.eu/resource/authority/country/EST,org/4283,def/ep-roles/MEMBER,11/3/14,7/1/19,Renew Europe,
197687,Philippe OLIVIER,http://publications.europa.eu/resource/authority/country/FRA,org/5588,def/ep-roles/MEMBER,7/2/19,7/15/24,ID,
197719,Cristina MAESTRE,http://publications.europa.eu/resource/authority/country/ESP,org/7038,def/ep-roles/MEMBER,7/16/24,,S&D,
197519,Beata KEMPA,http://publications.europa.eu/resource/authority/country/POL,org/5148,def/ep-roles/MEMBER,7/2/19,7/15/24,ECR,
28346,Mercedes BRESSO,http://publications.europa.eu/resource/authority/country/ITA,org/5154,def/ep-roles/MEMBER,4/6/23,7/15/24,S&D,
234344,Max ORVILLE,http://publications.europa.eu/resource/authority/country/FRA,org/5704,def/ep-roles/MEMBER,5/20/22,7/15/24,Renew Europe,
96750,François ALFONSI,http://publications.europa.eu/resource/authority/country/FRA,org/2965,def/ep-roles/MEMBER,7/14/09,6/30/14,Greens/EFA,
247737,Ana COLLADO JIMÉNEZ,http://publications.europa.eu/resource/authority/country/ESP,org/5153,def/ep-roles/MEMBER,9/6/23,7/15/24,EPP,
197765,Peter POLLÁK,http://publications.europa.eu/resource/authority/country/SVK,org/5153,def/ep-roles/MEMBER,7/2/19,7/15/24,EPP,
237465,Matthias ECKE,http://publications.europa.eu/resource/authority/country/DEU,org/5154,def/ep-roles/MEMBER,10/3/22,7/15/24,S&D,
237224,João ALBUQUERQUE,http://publications.europa.eu/resource/authority/country/PRT,org/5154,def/ep-roles/MEMBER,9/13/22,7/15/24,S&D,
197828,Manu PINEDA,http://publications.europa.eu/resource/authority/country/ESP,org/5151,def/ep-roles/MEMBER,7/2/19,12/17/20,The Left,
197580,Isabella TOVAGLIERI,http://publications.europa.eu/resource/authority/country/ITA,org/7150,def/ep-roles/MEMBER,7/16/24,,PfE,
28586,Dimitrios PAPADIMOULIS,http://publications.europa.eu/resource/authority/country/GRC,org/4281,def/ep-roles/MEMBER_BUREAU,1/12/17,7/1/19,The Left,
28288,Jan OLBRYCHT,http://publications.europa.eu/resource/authority/country/POL,org/5153,def/ep-roles/CHAIR_VICE,9/17/19,7/15/24,EPP,
197496,Marek BELKA,http://publications.europa.eu/resource/authority/country/POL,org/5154,def/ep-roles/MEMBER,7/2/19,12/15/21,S&D,
197448,Rasmus ANDRESEN,http://publications.europa.eu/resource/authority/country/DEU,org/5155,def/ep-roles/MEMBER,7/2/19,7/15/24,Greens/EFA,
96991,Eider GARDIAZABAL RUBIAL,http://publications.europa.eu/resource/authority/country/ESP,org/2953,def/ep-roles/MEMBER,7/14/09,6/30/14,S&D,
197772,Tineke STRIK,http://publications.europa.eu/resource/authority/country/NLD,org/7028,def/ep-roles/MEMBER,7/16/24,,Greens/EFA,
124715,György HÖLVÉNYI,http://publications.europa.eu/resource/authority/country/HUN,org/5153,def/ep-roles/MEMBER,7/2/19,7/15/24,EPP,
197433,Katarina BARLEY,http://publications.europa.eu/resource/authority/country/DEU,org/5154,def/ep-roles/MEMBER,7/2/19,7/15/24,S&D,
197588,Katalin CSEH,http://publications.europa.eu/resource/authority/country/HUN,org/5704,def/ep-roles/CHAIR_VICE,7/2/19,7/15/24,Renew Europe,
218347,Thijs REUTEN,http://publications.europa.eu/resource/authority/country/NLD,org/5154,def/ep-roles/MEMBER,4/21/21,7/15/24,S&D,
197452,Klemen GROŠELJ,http://publications.europa.eu/resource/authority/country/SVN,org/5704,def/ep-roles/MEMBER,7/2/19,7/15/24,Renew Europe,
96787,Herbert DORFMANN,http://publications.europa.eu/resource/authority/country/ITA,org/5153,def/ep-roles/MEMBER,7/2/19,7/15/24,EPP,
125045,Clara AGUILERA,http://publications.europa.eu/resource/authority/country/ESP,org/4284,def/ep-roles/MEMBER,7/1/14,7/1/19,S&D,
185619,Tiemo WÖLKEN,http://publications.europa.eu/resource/authority/country/DEU,org/4284,def/ep-roles/MEMBER,11/14/16,7/1/19,S&D,
197848,Atidzhe ALIEVA-VELI,http://publications.europa.eu/resource/authority/country/BGR,org/5704,def/ep-roles/MEMBER,7/2/19,6/18/24,Renew Europe,
197754,Sandra PEREIRA,http://publications.europa.eu/resource/authority/country/PRT,org/5151,def/ep-roles/MEMBER,7/2/19,12/17/20,The Left,
199996,Isabel CARVALHAIS,http://publications.europa.eu/resource/authority/country/PRT,org/5154,def/ep-roles/MEMBER,9/3/19,7/15/24,S&D,
197498,Robert BIEDROŃ,http://publications.europa.eu/resource/authority/country/POL,org/5154,def/ep-roles/MEMBER,7/2/19,7/15/24,S&D,
197516,Patryk JAKI,http://publications.europa.eu/resource/authority/country/POL,org/7037,def/ep-roles/MEMBER,7/16/24,12/16/24,ECR,
197415,Niyazi KIZILYÜREK,http://publications.europa.eu/resource/authority/country/CYP,org/5151,def/ep-roles/MEMBER,7/2/19,12/17/20,The Left,
197556,Ivan DAVID,http://publications.europa.eu/resource/authority/country/CZE,org/7151,def/ep-roles/MEMBER,7/16/24,,ESN,
38511,Georg MAYER,http://publications.europa.eu/resource/authority/country/AUT,org/5588,def/ep-roles/MEMBER,7/2/19,7/15/24,ID,
197786,Susanna CECCARDI,http://publications.europa.eu/resource/authority/country/ITA,org/7150,def/ep-roles/MEMBER,7/16/24,,PfE,
197829,Jorge BUXADÉ VILLALBA,http://publications.europa.eu/resource/authority/country/ESP,org/7150,def/ep-roles/MEMBER_BUREAU,7/16/24,,PfE,
204421,Jean-Lin LACAPELLE,http://publications.europa.eu/resource/authority/country/FRA,org/5588,def/ep-roles/MEMBER,2/1/20,7/15/24,ID,
209091,Cyrus ENGERER,http://publications.europa.eu/resource/authority/country/MLT,org/5152,def/ep-roles/MEMBER,11/5/20,11/10/20,EPP,
197701,Konstantinos ARVANITIS,http://publications.europa.eu/resource/authority/country/GRC,org/5151,def/ep-roles/MEMBER,7/2/19,12/17/20,The Left,
23816,András GYÜRK,http://publications.europa.eu/resource/authority/country/HUN,org/5153,def/ep-roles/MEMBER,7/2/19,3/4/21,EPP,
197718,Nicolás GONZÁLEZ CASARES,http://publications.europa.eu/resource/authority/country/ESP,org/5154,def/ep-roles/MEMBER,7/2/19,7/15/24,S&D,
125004,Franc BOGOVIČ,http://publications.europa.eu/resource/authority/country/SVN,org/5153,def/ep-roles/MEMBER,7/2/19,7/15/24,EPP,
204414,Margarita DE LA PISA CARRIÓN,http://publications.europa.eu/resource/authority/country/ESP,org/7150,def/ep-roles/MEMBER,7/16/24,,PfE,
28141,Lívia JÁRÓKA,http://publications.europa.eu/resource/authority/country/HUN,org/5153,def/ep-roles/MEMBER,7/2/19,3/4/21,EPP,
197391,Heléne FRITZON,http://publications.europa.eu/resource/authority/country/SWE,org/7038,def/ep-roles/CHAIR_VICE,7/16/24,,S&D,
205452,Chris MACMANUS,http://publications.europa.eu/resource/authority/country/IRL,org/5151,def/ep-roles/MEMBER,3/9/20,12/17/20,The Left,
197795,Mario FURORE,http://publications.europa.eu/resource/authority/country/ITA,org/7036,def/ep-roles/MEMBER,7/16/24,,The Left,
197582,Gianna GANCIA,http://publications.europa.eu/resource/authority/country/ITA,org/5588,def/ep-roles/MEMBER,7/2/19,7/15/24,ID,
96681,Vilija BLINKEVIČIŪTĖ,http://publications.europa.eu/resource/authority/country/LTU,org/7038,def/ep-roles/MEMBER,7/16/24,,S&D,
243979,Francesca PEPPUCCI,http://publications.europa.eu/resource/authority/country/ITA,org/5153,def/ep-roles/MEMBER,4/20/23,7/15/24,EPP,
197549,Markéta GREGOROVÁ,http://publications.europa.eu/resource/authority/country/CZE,org/7028,def/ep-roles/MEMBER,7/16/24,,Greens/EFA,
197459,Pierrette HERZBERGER-FOFANA,http://publications.europa.eu/resource/authority/country/DEU,org/5155,def/ep-roles/MEMBER,7/2/19,7/15/24,Greens/EFA,
124780,Marco ZANNI,http://publications.europa.eu/resource/authority/country/ITA,org/4280,def/ep-roles/MEMBER,7/1/14,10/15/14,Non-attached,
131580,Jordan BARDELLA,http://publications.europa.eu/resource/authority/country/FRA,org/7150,def/ep-roles/CHAIR,7/16/24,,PfE,
2323,Rainer WIELAND,http://publications.europa.eu/resource/authority/country/DEU,org/4273,def/ep-roles/MEMBER,7/1/14,7/1/19,EPP,
124992,Malin BJÖRK,http://publications.europa.eu/resource/authority/country/SWE,org/5151,def/ep-roles/MEMBER,7/2/19,12/17/20,The Left,
239258,Maria Angela DANZÌ,http://publications.europa.eu/resource/authority/country/ITA,org/5152,def/ep-roles/MEMBER,11/2/22,7/15/24,EPP,
38398,Esther DE LANGE,http://publications.europa.eu/resource/authority/country/NLD,org/1533,def/ep-roles/MEMBER,4/12/07,7/13/09,EPP,
197506,Caroline ROOSE,http://publications.europa.eu/resource/authority/country/BEL,org/5155,def/ep-roles/MEMBER,7/2/19,7/15/24,Greens/EFA,
197449,Michael BLOSS,http://publications.europa.eu/resource/authority/country/DEU,org/5155,def/ep-roles/MEMBER,7/2/19,7/15/24,Greens/EFA,
197544,Elżbieta RAFALSKA,http://publications.europa.eu/resource/authority/country/POL,org/5148,def/ep-roles/MEMBER,7/2/19,7/15/24,ECR,
197419,Valter FLEGO,http://publications.europa.eu/resource/authority/country/HRV,org/5704,def/ep-roles/MEMBER,7/2/19,7/15/24,Renew Europe,
197721,César LUENA,http://publications.europa.eu/resource/authority/country/ESP,org/5154,def/ep-roles/MEMBER,7/2/19,7/15/24,S&D,
96852,Cornelia ERNST,http://publications.europa.eu/resource/authority/country/DEU,org/6259,def/ep-roles/MEMBER,12/18/20,7/15/24,The Left,
197518,Krzysztof JURGIEL,http://publications.europa.eu/resource/authority/country/POL,org/5148,def/ep-roles/MEMBER,7/2/19,7/15/24,ECR,
239256,Paola GHIDONI,http://publications.europa.eu/resource/authority/country/ITA,org/5588,def/ep-roles/MEMBER,11/2/22,7/15/24,ID,
198096,Mazaly AGUILAR,http://publications.europa.eu/resource/authority/country/ESP,org/5148,def/ep-roles/MEMBER_BUREAU,7/2/19,3/3/20,ECR,
197572,Anna ZALEWSKA,http://publications.europa.eu/resource/authority/country/POL,org/7037,def/ep-roles/MEMBER,7/16/24,,ECR,
23784,Janusz WOJCIECHOWSKI,http://publications.europa.eu/resource/authority/country/POL,org/1533,def/ep-roles/MEMBER_BUREAU,11/14/04,12/12/05,EPP,
197699,Elena KOUNTOURA,http://publications.europa.eu/resource/authority/country/GRC,org/5151,def/ep-roles/MEMBER,7/2/19,12/17/20,The Left,
249603,Martine KEMP,http://publications.europa.eu/resource/authority/country/LUX,org/5153,def/ep-roles/MEMBER,10/24/23,7/15/24,EPP,
197849,Andrey SLABAKOV,http://publications.europa.eu/resource/authority/country/BGR,org/5148,def/ep-roles/MEMBER,7/2/19,7/15/24,ECR,
96952,Sylvie GUILLAUME,http://publications.europa.eu/resource/authority/country/FRA,org/5154,def/ep-roles/MEMBER,7/2/19,7/15/24,S&D,
250235,Witold PAHL,http://publications.europa.eu/resource/authority/country/POL,org/5153,def/ep-roles/MEMBER,11/16/23,7/15/24,EPP,
197531,Gwendoline DELBOS-CORFIELD,http://publications.europa.eu/resource/authority/country/FRA,org/5155,def/ep-roles/CHAIR_VICE,7/2/19,1/10/22,Greens/EFA,
197447,Irena JOVEVA,http://publications.europa.eu/resource/authority/country/SVN,org/7035,def/ep-roles/MEMBER_BUREAU,7/16/24,,Renew Europe,
197743,Petros KOKKALIS,http://publications.europa.eu/resource/authority/country/GRC,org/5151,def/ep-roles/MEMBER,7/2/19,12/17/20,The Left,
197525,Ewa KOPACZ,http://publications.europa.eu/resource/authority/country/POL,org/5153,def/ep-roles/CHAIR_VICE,7/2/19,9/16/19,EPP,
101585,Niels FUGLSANG,http://publications.europa.eu/resource/authority/country/DNK,org/5154,def/ep-roles/MEMBER,7/2/19,7/15/24,S&D,
197845,Tsvetelina PENKOVA,http://publications.europa.eu/resource/authority/country/BGR,org/7038,def/ep-roles/MEMBER,7/16/24,,S&D,
124831,Isabella ADINOLFI,http://publications.europa.eu/resource/authority/country/ITA,org/4880,def/ep-roles/MEMBER,10/20/14,7/1/19,Greens/EFA,
122978,Alicia HOMS GINEL,http://publications.europa.eu/resource/authority/country/ESP,org/7038,def/ep-roles/MEMBER,7/16/24,,S&D,
237320,Eva-Maria Alexandrova POPTCHEVA,http://publications.europa.eu/resource/authority/country/BGR,org/5704,def/ep-roles/MEMBER,9/15/22,7/15/24,Renew Europe,
4344,María Soraya RODRÍGUEZ RAMOS,http://publications.europa.eu/resource/authority/country/ESP,org/5704,def/ep-roles/MEMBER,7/2/19,7/15/24,Renew Europe,
197682,Hannes HEIDE,http://publications.europa.eu/resource/authority/country/AUT,org/5154,def/ep-roles/MEMBER,7/2/19,7/15/24,S&D,
197618,Elisabetta GUALMINI,http://publications.europa.eu/resource/authority/country/ITA,org/5154,def/ep-roles/MEMBER,7/2/19,10/17/22,S&D,
198063,Márton GYÖNGYÖSI,http://publications.europa.eu/resource/authority/country/HUN,org/5152,def/ep-roles/MEMBER,7/2/19,7/15/24,EPP,
96932,Birgit SIPPEL,http://publications.europa.eu/resource/authority/country/DEU,org/4284,def/ep-roles/MEMBER,7/1/14,7/1/19,S&D,
197534,François-Xavier BELLAMY,http://publications.europa.eu/resource/authority/country/FRA,org/5153,def/ep-roles/MEMBER,7/2/19,7/15/24,EPP,
197427,Marlene MORTLER,http://publications.europa.eu/resource/authority/country/DEU,org/5153,def/ep-roles/MEMBER,7/2/19,7/15/24,EPP,
96761,Axel VOSS,http://publications.europa.eu/resource/authority/country/DEU,org/2952,def/ep-roles/MEMBER,7/14/09,6/30/14,EPP,
197863,Maria WALSH,http://publications.europa.eu/resource/authority/country/IRL,org/5153,def/ep-roles/MEMBER,7/2/19,7/15/24,EPP,
197738,Lídia PEREIRA,http://publications.europa.eu/resource/authority/country/PRT,org/7018,def/ep-roles/CHAIR_VICE,7/16/24,,EPP,
197782,Mohammed CHAHIM,http://publications.europa.eu/resource/authority/country/NLD,org/5154,def/ep-roles/CHAIR_VICE,12/16/21,7/15/24,S&D,
125012,Daniel BUDA,http://publications.europa.eu/resource/authority/country/ROU,org/4273,def/ep-roles/MEMBER,7/1/14,7/1/19,EPP,
96891,Paolo DE CASTRO,http://publications.europa.eu/resource/authority/country/ITA,org/5154,def/ep-roles/MEMBER,7/2/19,7/15/24,S&D,
197545,Bogdan RZOŃCA,http://publications.europa.eu/resource/authority/country/POL,org/7037,def/ep-roles/MEMBER,7/16/24,7/23/24,ECR,
209140,Vlad GHEORGHE,http://publications.europa.eu/resource/authority/country/ROU,org/5704,def/ep-roles/MEMBER,11/10/20,7/15/24,Renew Europe,
197490,Magdalena ADAMOWICZ,http://publications.europa.eu/resource/authority/country/POL,org/5153,def/ep-roles/MEMBER,7/2/19,7/15/24,EPP,
197472,Filip DE MAN,http://publications.europa.eu/resource/authority/country/BEL,org/5588,def/ep-roles/MEMBER,7/2/19,7/15/24,ID,
197425,Ralf SEEKATZ,http://publications.europa.eu/resource/authority/country/DEU,org/7018,def/ep-roles/MEMBER,7/16/24,,EPP,
124710,Michaela ŠOJDROVÁ,http://publications.europa.eu/resource/authority/country/CZE,org/5153,def/ep-roles/MEMBER,7/2/19,7/15/24,EPP,
204346,Dominik TARCZYŃSKI,http://publications.europa.eu/resource/authority/country/POL,org/7037,def/ep-roles/MEMBER,7/16/24,,ECR,
124714,Andor DELI,http://publications.europa.eu/resource/authority/country/HUN,org/5152,def/ep-roles/MEMBER,3/5/21,7/15/24,EPP,
197515,Pernille WEISS-EHLER,http://publications.europa.eu/resource/authority/country/DNK,org/5153,def/ep-roles/MEMBER,7/2/19,7/15/24,EPP,
236050,Marie DAUCHY,http://publications.europa.eu/resource/authority/country/FRA,org/5588,def/ep-roles/MEMBER,7/29/22,7/15/24,ID,
236053,Marina MESURE,http://publications.europa.eu/resource/authority/country/FRA,org/7036,def/ep-roles/MEMBER_BUREAU,7/18/24,,The Left,
243912,Maria Veronica ROSSI,http://publications.europa.eu/resource/authority/country/ITA,org/5588,def/ep-roles/MEMBER,4/6/23,4/28/24,ID,
197461,Katrin LANGENSIEPEN,http://publications.europa.eu/resource/authority/country/DEU,org/7028,def/ep-roles/MEMBER,7/16/24,,Greens/EFA,
28229,Manfred WEBER,http://publications.europa.eu/resource/authority/country/DEU,org/4273,def/ep-roles/CHAIR,7/1/14,7/1/19,EPP,
197553,Beata SZYDŁO,http://publications.europa.eu/resource/authority/country/POL,org/5148,def/ep-roles/MEMBER,7/2/19,11/20/19,ECR,
124877,Jadwiga WIŚNIEWSKA,http://publications.europa.eu/resource/authority/country/POL,org/4275,def/ep-roles/MEMBER,7/1/14,7/1/19,ECR,
197421,Isabel WISELER-LIMA,http://publications.europa.eu/resource/authority/country/LUX,org/5153,def/ep-roles/MEMBER,7/2/19,7/15/24,EPP,
96933,Milan ZVER,http://publications.europa.eu/resource/authority/country/SVN,org/2952,def/ep-roles/MEMBER_BUREAU,7/14/09,6/30/14,EPP,
197717,Ibán GARCÍA DEL BLANCO,http://publications.europa.eu/resource/authority/country/ESP,org/5154,def/ep-roles/MEMBER,7/2/19,7/15/24,S&D,
28226,Christian EHLER,http://publications.europa.eu/resource/authority/country/DEU,org/2952,def/ep-roles/MEMBER_BUREAU,9/16/09,6/30/14,EPP,
197390,Sara SKYTTEDAL,http://publications.europa.eu/resource/authority/country/SWE,org/5153,def/ep-roles/MEMBER,7/2/19,7/15/24,EPP,
197679,Isabel BENJUMEA BENJUMEA,http://publications.europa.eu/resource/authority/country/ESP,org/7018,def/ep-roles/MEMBER,7/16/24,,EPP,
124862,Ulrike MÜLLER,http://publications.europa.eu/resource/authority/country/DEU,org/5704,def/ep-roles/MEMBER,7/2/19,7/15/24,Renew Europe,
197512,Benoît BITEAU,http://publications.europa.eu/resource/authority/country/FRA,org/5155,def/ep-roles/MEMBER,7/2/19,7/15/24,Greens/EFA,
197475,Christine ANDERSON,http://publications.europa.eu/resource/authority/country/DEU,org/5152,def/ep-roles/MEMBER,5/23/24,7/15/24,EPP,
191693,Elsi KATAINEN,http://publications.europa.eu/resource/authority/country/FIN,org/4283,def/ep-roles/MEMBER,3/1/18,7/1/19,Renew Europe,
197631,Dacian CIOLOŞ,http://publications.europa.eu/resource/authority/country/ROU,org/5704,def/ep-roles/CHAIR,7/2/19,10/18/21,Renew Europe,
24594,Anne SANDER,http://publications.europa.eu/resource/authority/country/FRA,org/5153,def/ep-roles/MEMBER,7/2/19,7/15/24,EPP,
22858,Fabienne KELLER,http://publications.europa.eu/resource/authority/country/FRA,org/994,def/ep-roles/MEMBER,6/17/02,7/2/02,Renew Europe,
197546,Marcel KOLAJA,http://publications.europa.eu/resource/authority/country/CZE,org/5155,def/ep-roles/MEMBER,7/2/19,7/15/24,Greens/EFA,
124872,Morten PETERSEN,http://publications.europa.eu/resource/authority/country/DNK,org/4283,def/ep-roles/MEMBER,7/1/14,7/1/19,Renew Europe,
96867,Maria da Graça CARVALHO,http://publications.europa.eu/resource/authority/country/PRT,org/2952,def/ep-roles/MEMBER,7/14/09,4/30/14,EPP,
182995,Annika BRUNA,http://publications.europa.eu/resource/authority/country/FRA,org/5588,def/ep-roles/MEMBER,7/2/19,7/15/24,ID,
197522,Radka MAXOVÁ,http://publications.europa.eu/resource/authority/country/CZE,org/5154,def/ep-roles/MEMBER,3/24/21,7/15/24,S&D,
125001,Harald VILIMSKY,http://publications.europa.eu/resource/authority/country/AUT,org/3968,def/ep-roles/MEMBER,7/1/14,6/14/15,Non-attached,
112611,Petri SARVAMAA,http://publications.europa.eu/resource/authority/country/FIN,org/5153,def/ep-roles/MEMBER,7/2/19,5/31/24,EPP,
197439,Damian BOESELAGER,http://publications.europa.eu/resource/authority/country/DEU,org/7028,def/ep-roles/MEMBER,7/16/24,,Greens/EFA,
96826,Tamás DEUTSCH,http://publications.europa.eu/resource/authority/country/HUN,org/5153,def/ep-roles/MEMBER,7/2/19,3/4/21,EPP,
125106,Johan VAN OVERTVELDT,http://publications.europa.eu/resource/authority/country/BEL,org/5148,def/ep-roles/MEMBER_BUREAU,7/2/19,7/15/24,ECR,
197502,Marie-Pierre VEDRENNE,http://publications.europa.eu/resource/authority/country/FRA,org/7035,def/ep-roles/MEMBER_BUREAU,7/16/24,10/11/25,Renew Europe,
197418,Monica SEMEDO,http://publications.europa.eu/resource/authority/country/LUX,org/5704,def/ep-roles/MEMBER,7/2/19,7/15/24,Renew Europe,
197505,Catherine CHABAUD,http://publications.europa.eu/resource/authority/country/FRA,org/5704,def/ep-roles/MEMBER,7/2/19,7/15/24,Renew Europe,
124808,Norbert LINS,http://publications.europa.eu/resource/authority/country/DEU,org/4273,def/ep-roles/MEMBER,7/1/14,7/1/19,EPP,
197621,Juan Ignacio ZOIDO ÁLVAREZ,http://publications.europa.eu/resource/authority/country/ESP,org/7018,def/ep-roles/MEMBER,7/16/24,,EPP,
197558,Asger CHRISTENSEN,http://publications.europa.eu/resource/authority/country/DNK,org/5704,def/ep-roles/MEMBER,7/2/19,7/15/24,Renew Europe,
197432,Jan-Christoph OETJEN,http://publications.europa.eu/resource/authority/country/DEU,org/7035,def/ep-roles/MEMBER,7/16/24,,Renew Europe,
249285,Lydie MASSARD,http://publications.europa.eu/resource/authority/country/FRA,org/5155,def/ep-roles/MEMBER,9/24/23,7/15/24,Greens/EFA,
204443,Clara PONSATÍ OBIOLS,http://publications.europa.eu/resource/authority/country/ESP,org/5152,def/ep-roles/MEMBER,2/1/20,7/15/24,EPP,
197822,Francesca DONATO,http://publications.europa.eu/resource/authority/country/ITA,org/5152,def/ep-roles/MEMBER,10/6/21,7/15/24,EPP,
197596,Teuvo HAKKARAINEN,http://publications.europa.eu/resource/authority/country/FIN,org/5588,def/ep-roles/MEMBER,7/2/19,4/4/23,ID,
40599,Sirpa PIETIKÄINEN,http://publications.europa.eu/resource/authority/country/FIN,org/5153,def/ep-roles/MEMBER,7/2/19,7/15/24,EPP,
125068,Emmanouil KEFALOGIANNIS,http://publications.europa.eu/resource/authority/country/GRC,org/5153,def/ep-roles/MEMBER,7/2/19,7/15/24,EPP,
97968,Andrey KOVATCHEV,http://publications.europa.eu/resource/authority/country/BGR,org/5153,def/ep-roles/CHAIR_VICE,7/2/19,1/24/22,EPP,
197629,Maxette PIRBAKAS,http://publications.europa.eu/resource/authority/country/FRA,org/5152,def/ep-roles/MEMBER,2/2/22,7/15/24,EPP,
197769,Michal WIEZIK,http://publications.europa.eu/resource/authority/country/SVK,org/5704,def/ep-roles/MEMBER,12/8/21,7/15/24,Renew Europe,
228286,Karsten LUCKE,http://publications.europa.eu/resource/authority/country/DEU,org/5154,def/ep-roles/MEMBER,1/11/22,7/15/24,S&D,
124988,Deirdre CLUNE,http://publications.europa.eu/resource/authority/country/IRL,org/5153,def/ep-roles/MEMBER,2/1/20,7/15/24,EPP,
96734,Ska KELLER,http://publications.europa.eu/resource/authority/country/DEU,org/5155,def/ep-roles/PRESIDENT_CO,7/2/19,9/13/22,Greens/EFA,
114268,Nils TORVALDS,http://publications.europa.eu/resource/authority/country/FIN,org/5704,def/ep-roles/MEMBER,7/2/19,7/15/24,Renew Europe,
197585,Pierre KARLESKIND,http://publications.europa.eu/resource/authority/country/FRA,org/5704,def/ep-roles/MEMBER,7/2/19,7/15/24,Renew Europe,
197412,Niclas HERBST,http://publications.europa.eu/resource/authority/country/DEU,org/5153,def/ep-roles/MEMBER,7/2/19,7/15/24,EPP,
197641,Sara CERDAS,http://publications.europa.eu/resource/authority/country/PRT,org/5154,def/ep-roles/MEMBER,7/2/19,7/15/24,S&D,
201945,Virginijus SINKEVIČIUS,http://publications.europa.eu/resource/authority/country/LTU,org/7028,def/ep-roles/CHAIR_VICE,11/13/24,,Greens/EFA,
28400,Francisco José MILLÁN MON,http://publications.europa.eu/resource/authority/country/ESP,org/4273,def/ep-roles/MEMBER,7/1/14,7/1/19,EPP,
197651,Carmen AVRAM,http://publications.europa.eu/resource/authority/country/ROU,org/5154,def/ep-roles/MEMBER,7/2/19,7/15/24,S&D,
197616,Rosanna CONTE,http://publications.europa.eu/resource/authority/country/ITA,org/5588,def/ep-roles/MEMBER,7/2/19,7/15/24,ID,
209896,Colm MARKEY,http://publications.europa.eu/resource/authority/country/IRL,org/5153,def/ep-roles/MEMBER,11/24/20,7/15/24,EPP,
197441,Predrag Fred MATIĆ,http://publications.europa.eu/resource/authority/country/HRV,org/5154,def/ep-roles/MEMBER,7/2/19,7/15/24,S&D,
124734,Cláudia MONTEIRO DE AGUIAR,http://publications.europa.eu/resource/authority/country/PRT,org/4273,def/ep-roles/MEMBER,7/1/14,7/1/19,EPP,
189065,France JAMET,http://publications.europa.eu/resource/authority/country/FRA,org/7150,def/ep-roles/MEMBER,7/16/24,,PfE,
124708,Dita CHARANZOVÁ,http://publications.europa.eu/resource/authority/country/CZE,org/4283,def/ep-roles/MEMBER,7/1/14,7/1/19,Renew Europe,
197482,Joachim KUHS,http://publications.europa.eu/resource/authority/country/DEU,org/5588,def/ep-roles/MEMBER,7/2/19,5/22/24,ID,
124873,Angel DZHAMBAZKI,http://publications.europa.eu/resource/authority/country/BGR,org/4275,def/ep-roles/MEMBER,7/1/14,1/15/17,ECR,
124856,Ignazio CORRAO,http://publications.europa.eu/resource/authority/country/ITA,org/5152,def/ep-roles/MEMBER,7/2/19,12/8/20,EPP,
197495,Marek Paweł BALT,http://publications.europa.eu/resource/authority/country/POL,org/5154,def/ep-roles/MEMBER,7/2/19,7/15/24,S&D,
197645,Francisco GUERREIRO,http://publications.europa.eu/resource/authority/country/PRT,org/5155,def/ep-roles/MEMBER,7/2/19,7/15/24,Greens/EFA,
197808,Pietro BARTOLO,http://publications.europa.eu/resource/authority/country/ITA,org/5154,def/ep-roles/MEMBER,7/2/19,7/15/24,S&D,
35016,Marco CAMPOMENOSI,http://publications.europa.eu/resource/authority/country/ITA,org/5588,def/ep-roles/MEMBER,7/2/19,7/15/24,ID,
247709,Anja HAGA,http://publications.europa.eu/resource/authority/country/NLD,org/5152,def/ep-roles/MEMBER,9/5/23,9/13/23,EPP,
28115,Mairead MCGUINNESS,http://publications.europa.eu/resource/authority/country/IRL,org/5153,def/ep-roles/MEMBER_BUREAU,9/17/19,10/11/20,EPP,
197563,Mauri PEKKARINEN,http://publications.europa.eu/resource/authority/country/FIN,org/5704,def/ep-roles/MEMBER,7/2/19,7/15/24,Renew Europe,
197457,Henrike HAHN,http://publications.europa.eu/resource/authority/country/DEU,org/5155,def/ep-roles/MEMBER,7/2/19,7/15/24,Greens/EFA,
24505,Emmanuel MAUREL,http://publications.europa.eu/resource/authority/country/FRA,org/5151,def/ep-roles/MEMBER,7/2/19,12/17/20,The Left,
197649,Gheorghe FALCĂ,http://publications.europa.eu/resource/authority/country/ROU,org/7018,def/ep-roles/MEMBER,7/16/24,,EPP,
4560,Antonius MANDERS,http://publications.europa.eu/resource/authority/country/NLD,org/2966,def/ep-roles/MEMBER,7/14/09,6/30/14,EPP,
1917,Markus FERBER,http://publications.europa.eu/resource/authority/country/DEU,org/514,def/ep-roles/MEMBER,7/19/94,7/19/99,EPP,
23768,Bogusław LIBERADZKI,http://publications.europa.eu/resource/authority/country/POL,org/509,def/ep-roles/OBSERVER,4/23/03,4/30/04,S&D,
197844,Petar VITANOV,http://publications.europa.eu/resource/authority/country/BGR,org/5154,def/ep-roles/MEMBER,7/2/19,7/15/24,S&D,
197608,Gianantonio DA RE,http://publications.europa.eu/resource/authority/country/ITA,org/5588,def/ep-roles/MEMBER,7/2/19,7/15/24,ID,
197846,Ivo HRISTOV,http://publications.europa.eu/resource/authority/country/BGR,org/5154,def/ep-roles/MEMBER,7/2/19,7/15/24,S&D,
96739,Reinhard BÜTIKOFER,http://publications.europa.eu/resource/authority/country/DEU,org/5155,def/ep-roles/MEMBER,7/2/19,7/15/24,Greens/EFA,
197607,Pietro FIOCCHI,http://publications.europa.eu/resource/authority/country/ITA,org/5148,def/ep-roles/MEMBER,7/2/19,7/15/24,ECR,
197539,Mikuláš PEKSA,http://publications.europa.eu/resource/authority/country/CZE,org/5155,def/ep-roles/MEMBER,7/2/19,7/15/24,Greens/EFA,
197624,Ivars IJABS,http://publications.europa.eu/resource/authority/country/LVA,org/7035,def/ep-roles/MEMBER_BUREAU,7/16/24,,Renew Europe,
197394,Josianne CUTAJAR,http://publications.europa.eu/resource/authority/country/MLT,org/5154,def/ep-roles/MEMBER,7/2/19,7/15/24,S&D,
198176,Roman HAIDER,http://publications.europa.eu/resource/authority/country/AUT,org/5588,def/ep-roles/MEMBER,7/2/19,7/15/24,ID,
245858,Thomas RUDNER,http://publications.europa.eu/resource/authority/country/DEU,org/5154,def/ep-roles/MEMBER,7/3/23,7/15/24,S&D,
96801,Tomasz Piotr PORĘBA,http://publications.europa.eu/resource/authority/country/POL,org/5148,def/ep-roles/MEMBER_BUREAU,7/2/19,7/15/24,ECR,
197655,Cristian TERHEŞ,http://publications.europa.eu/resource/authority/country/ROU,org/5148,def/ep-roles/MEMBER_BUREAU,5/14/20,7/15/24,ECR,